{
  "w_bias": 3.0,
  "w_rmse": 0.5,
  "abf_params": [
    0.2,
    null
  ],
  "abf_metrics": {
    "bias": 0.02660847605611836,
    "rmse": 0.7650059136642737,
    "mae": 0.40382974414542094
  },
  "abf_score": 0.46232838500049195,
  "abgf_params": [
    0.2,
    null,
    0.001
  ],
  "abgf_metrics": {
    "bias": 0.0037656326724537807,
    "rmse": 0.7102873505233507,
    "mae": 0.381826784140204
  },
  "abgf_score": 0.3664405732790367,
  "kalman_params": [
    0.1,
    0.01
  ],
  "kalman_metrics": {
    "bias": -0.07510213049157226,
    "rmse": 0.5829626927750067,
    "mae": 0.19814675259277
  },
  "kalman_score": 0.5167877378622201,
  "lsm_metrics": {
    "bias": -0.07192528690648227,
    "rmse": 0.9989683322264731,
    "mae": 0.7673764262114271
  }
}